<?xml version="1.0" encoding="UTF-8"?>
<project-private xmlns="http://www.netbeans.org/ns/project-private/1">
    <editor-bookmarks xmlns="http://www.netbeans.org/ns/editor-bookmarks/2" lastBookmarkId="0"/>
    <open-files xmlns="http://www.netbeans.org/ns/projectui-open-files/2">
        <group>
            <file>file:/D:/(8)%20Temporário/ProjetoFei/src/Controller/UsuarioCont.java</file>
            <file>file:/D:/(8)%20Temporário/ProjetoFei/src/View/PainelSaldo.java</file>
            <file>file:/D:/(8)%20Temporário/ProjetoFei/src/View/InformeSenha.java</file>
            <file>file:/D:/(8)%20Temporário/ProjetoFei/src/View/Painel1.java</file>
            <file>file:/D:/(8)%20Temporário/ProjetoFei/src/projetofei/ProjetoFei.java</file>
            <file>file:/D:/(8)%20Temporário/ProjetoFei/src/Controller/MoedaCont.java</file>
            <file>file:/D:/(8)%20Temporário/ProjetoFei/src/View/Painel2.java</file>
            <file>file:/D:/(8)%20Temporário/ProjetoFei/src/Model/Usuario.java</file>
            <file>file:/D:/(8)%20Temporário/ProjetoFei/src/Model/Moeda.java</file>
            <file>file:/D:/(8)%20Temporário/ProjetoFei/src/View/PainelDep.java</file>
        </group>
    </open-files>
</project-private>
